<?xml version="1.0" encoding="UTF-8"?>
<web-app xmlns:xsi="http://www.w3.org/2001/XMLSchema-instance" xmlns="http://java.sun.com/xml/ns/javaee" xsi:schemaLocation="http://java.sun.com/xml/ns/javaee http://java.sun.com/xml/ns/javaee/web-app_3_0.xsd" version="3.0">
  <display-name>FPT Welcome Package</display-name>
   
	<!-- <filter>
		<filter-name>SimpleCorsFilter</filter-name> mandatory
		<filter-class>com.ge.fpt.welcomepkg.impl.SimpleCorsFilter</filter-class> mandatory
	</filter>
   
	<filter-mapping>
		<filter-name>SimpleCorsFilter</filter-name>
		<url-pattern>/*</url-pattern>
	</filter-mapping> -->
	
	<filter>
	  <filter-name>cross-origin</filter-name>
	  <filter-class>org.eclipse.jetty.servlets.CrossOriginFilter</filter-class>
	  <init-param>
	      <param-name>allowedOrigins</param-name>
	      <param-value>*</param-value>
	  </init-param>
	  <init-param>
	      <param-name>allowedMethods</param-name>
	      <param-value>*</param-value>
	  </init-param>
	  <init-param>
	      <param-name>allowedHeaders</param-name>
	      <param-value>*</param-value>
	  </init-param>
	</filter>
	<filter-mapping>
	    <filter-name>cross-origin</filter-name>
	    <url-pattern>/*</url-pattern>
	</filter-mapping>

</web-app>