<?xml version="1.0" encoding="UTF-8"?>
<beans xmlns="http://www.springframework.org/schema/beans"
	xmlns:xsi="http://www.w3.org/2001/XMLSchema-instance" xmlns:context="http://www.springframework.org/schema/context"
	xmlns:tx="http://www.springframework.org/schema/tx" xmlns:osgi="http://www.springframework.org/schema/osgi"
	xsi:schemaLocation="
        http://www.springframework.org/schema/beans http://www.springframework.org/schema/beans/spring-beans.xsd
        http://www.springframework.org/schema/context http://www.springframework.org/schema/context/spring-context-3.0.xsd
        http://www.springframework.org/schema/osgi http://www.springframework.org/schema/osgi/spring-osgi.xsd
        http://www.springframework.org/schema/tx http://www.springframework.org/schema/tx/spring-tx-3.0.xsd
    ">
	
	<bean id="welcomePkgServiceJdbc" class="com.ge.fpt.welcomepkg.impl.WelcomePkgServiceImpl"
		depends-on="fptOdsConfiguration">
		<property name="orderPersistence" ref="orderPersistenceJdbc" />
		<property name="cicsPersistence" ref="cicsPersistenceJdbc" />
		<property name="equipmentPersistence" ref="equipmentPersistenceJdbc" />
		<property name="bomsPersistence" ref="bomsPersistenceJdbc" />
		<property name="userDataPersistence" ref="userDataPersistenceJdbc" />
		<property name="priceToolPersistence" ref="priceToolPersistenceJdbc" />
		<property name="dropDownPersistence" ref="dropDownPersistenceJdbc" />	
		<property name="priceToolUserPersistence" ref="priceToolUserPersistenceJdbc" />	
	    <property name="spirReportDataPersistence" ref="spirReportPersistenceJdbc" />
	    <property name="channelDataPersistence" ref="channelDataPersistenceJdbc" />
	    <property name="partDataPersistence" ref="partDataPersistenceJdbc" />
	    <property name="partsComponentDetailsPersistence" ref="partsComponentDetailsJdbc" />
        <property name="partDetailsOfComponentPersistence" ref="partDetailsOfComponentJdbc" />
        <property name="inventoryPersistence" ref="inventotyPersistenceJdbc" />
        <property name="reportServicePersistence" ref="reportServicePersistenceJdbc" />
	    <property name="plantEquipmentPersistence" ref="plantEquipmentPersistenceJdbc" />
	    <property name="plantDataPersistence" ref="plantDataPersistenceJdbc"/>
	    <property name="inventoryUserPersistence" ref="inventoryUserPersistenceJdbc" />	
	    <property name="partPersistence" ref="partPersistenceJdbc" />
		<property name="upgradeInfoPersistence" ref="upgradeInfoPersistenceJdbc"/>
		<property name="angolaReportServicePersistence" ref="angoleReportPersistenceJdbc" />
		<property name="installedBasePersistence" ref="installedBasePersistenceJdbc" />
		<property name="valveKeepSTGPersistance" ref="valveKeepDataPersistenceJdbc" />
		<property name="serviceNowPersistence" ref="serviceNowPersistenceJdbc" />
		<property name="rCManagementPersistence" ref="rCManagementPersistenceJdbc" />
		<property name="PlantDataMasterPersistence" ref="PlantDataMasterPersistenceJdbc" />
		<property name="CustomermgmtMasterPersistence" ref="CustomermgmtMasterPersistenceJdbc" />
		<property name="documentPersistence" ref="documentPersistenceJdbc"/>
		<property name="customerLinkMasterPersistence" ref="customerLinkMasterPersistenceJdbc"/>
		<property name="CardDataPersistence" ref="CardDataPersistenceJdbc"/>
		</bean>

	<!-- exposing the service implementation as a OSGI service to the container -->
	<!-- so application can use the context to lookup the service in the service 
		registry -->
	<osgi:service id="osgiWelcomePkgServiceJdbc" ref="welcomePkgServiceJdbc"
		interface="com.ge.fpt.welcomepkg.api.IWelcomePkgService" />

	<!-- load the ServiceRegistration class to register service as RESTFul service 
		to container -->
	<bean id="registerWebService"
		class="com.ge.fpt.welcomepkg.impl.WebServiceRegistration"
		init-method="registerWebServices" depends-on="fptOdsConfiguration">
		<property name="serviceManagerService" ref="serviceManagerService" />
		<property name="welcomePkgService" ref="welcomePkgServiceJdbc" />
	</bean>

</beans>

 