<?xml version="1.0" encoding="UTF-8"?>
<beans xmlns="http://www.springframework.org/schema/beans"
	xmlns:xsi="http://www.w3.org/2001/XMLSchema-instance" xmlns:context="http://www.springframework.org/schema/context"
	xmlns:tx="http://www.springframework.org/schema/tx" xmlns:osgi="http://www.springframework.org/schema/osgi"
	xsi:schemaLocation="
        http://www.springframework.org/schema/beans http://www.springframework.org/schema/beans/spring-beans.xsd
        http://www.springframework.org/schema/context http://www.springframework.org/schema/context/spring-context-3.0.xsd
        http://www.springframework.org/schema/osgi http://www.springframework.org/schema/osgi/spring-osgi.xsd
        http://www.springframework.org/schema/tx http://www.springframework.org/schema/tx/spring-tx-3.0.xsd
    ">

	<bean id="orderPersistenceJdbc" class="com.ge.fpt.welcomepkg.persistence.OrderPersistenceImpl"
		depends-on="fptOdsConfiguration">
		<property name="dataSource" ref="fptOdsDataSource" />
		<property name="txManager" ref="transactionManager" />
	</bean>
	<bean id="equipmentPersistenceJdbc"
		class="com.ge.fpt.welcomepkg.persistence.EquipmentPersistenceImpl"
		depends-on="fptOdsConfiguration">
		<property name="dataSource" ref="fptOdsDataSource" />
		<property name="txManager" ref="transactionManager" />
	</bean>
	<bean id="bomsPersistenceJdbc" class="com.ge.fpt.welcomepkg.persistence.BomsPersistenceImpl"
		depends-on="fptOdsConfiguration">
		<property name="dataSource" ref="fptOdsDataSource" />
		<property name="txManager" ref="transactionManager" />
	</bean>
	
	<bean id="cicsPersistenceJdbc" class="com.ge.fpt.welcomepkg.persistence.CICSPersistenceImpl"

		depends-on="fptOdsConfiguration">
		<property name="dataSource" ref="fptOdsDataSource" />
		<property name="txManager" ref="transactionManager" />
	</bean>


	<bean id="userDataPersistenceJdbc"
		class="com.ge.fpt.welcomepkg.persistence.UserDataPersistenceImpl"
		depends-on="fptOdsConfiguration">
		<property name="dataSource" ref="fptOdsDataSource" />
		<property name="txManager" ref="transactionManager" />
	</bean>
	<bean id="priceToolPersistenceJdbc"
		class="com.ge.fpt.welcomepkg.persistence.PriceToolPersistenceImpl"
		depends-on="fptOdsConfiguration">
		<property name="dataSource" ref="fptOdsDataSource" />
		<property name="txManager" ref="transactionManager" />
	</bean>
	<bean id="dropDownPersistenceJdbc"
		class="com.ge.fpt.welcomepkg.persistence.DropDownPersistenceImpl"
		depends-on="fptOdsConfiguration">
		<property name="dataSource" ref="fptOdsDataSource" />
		<property name="txManager" ref="transactionManager" />
	</bean>
	<bean id="priceToolUserPersistenceJdbc"
		class="com.ge.fpt.welcomepkg.persistence.PriceToolUserPersistenceImpl"
		depends-on="fptOdsConfiguration">
		<property name="dataSource" ref="fptOdsDataSource" />
		<property name="txManager" ref="transactionManager" />
	</bean>
	<bean id="spirReportPersistenceJdbc"
		class="com.ge.fpt.welcomepkg.persistence.SPIRReportDataPersistenceImpl"
		depends-on="fptOdsConfiguration">
		<property name="dataSource" ref="fptOdsDataSource" />
		<property name="txManager" ref="transactionManager" />
	</bean>
	<bean id="channelDataPersistenceJdbc"
		class="com.ge.fpt.welcomepkg.persistence.ChannelDataPersistenceImpl"
		depends-on="fptOdsConfiguration">
		<property name="dataSource" ref="fptOdsDataSource" />
		<property name="txManager" ref="transactionManager" />
	</bean>
	<bean id="partDataPersistenceJdbc"
		class="com.ge.fpt.welcomepkg.persistence.PartDataPersistenceImpl"
		depends-on="fptOdsConfiguration">
		<property name="dataSource" ref="fptOdsDataSource" />
		<property name="txManager" ref="transactionManager" />
	</bean>
	<bean id="partsComponentDetailsJdbc"
		class="com.ge.fpt.welcomepkg.persistence.PartsComponentDetailsImpl"
		depends-on="fptOdsConfiguration">
		<property name="dataSource" ref="fptOdsDataSource" />
		<property name="txManager" ref="transactionManager" />
	</bean>
	<bean id="partDetailsOfComponentJdbc"
		class="com.ge.fpt.welcomepkg.persistence.PartDetailsOfComponentImpl"
		depends-on="fptOdsConfiguration">
		<property name="dataSource" ref="fptOdsDataSource" />
		<property name="txManager" ref="transactionManager" />
	</bean>
	<bean id="inventotyPersistenceJdbc"
		class="com.ge.fpt.welcomepkg.persistence.InventoryPersistenceImpl"
		depends-on="fptOdsConfiguration">
		<property name="dataSource" ref="fptOdsDataSource" />
		<property name="txManager" ref="transactionManager" />
	</bean>
	<bean id="plantEquipmentPersistenceJdbc"
		class="com.ge.fpt.welcomepkg.persistence.PlantEquipmentPersistenceImpl"
		depends-on="fptOdsConfiguration">
		<property name="dataSource" ref="fptOdsDataSource" />
		<property name="txManager" ref="transactionManager" />
	</bean>
	<bean id="plantDataPersistenceJdbc"
		class="com.ge.fpt.welcomepkg.persistence.PlantDataPersistenceImpl"
		depends-on="fptOdsConfiguration">
		<property name="dataSource" ref="fptOdsDataSource" />
		<property name="txManager" ref="transactionManager" />
	</bean>
	<bean id="reportServicePersistenceJdbc"
		class="com.ge.fpt.welcomepkg.persistence.ReportServicePersistenceImpl"
		depends-on="fptOdsConfiguration">
		<property name="dataSource" ref="fptOdsDataSource" />
		<property name="txManager" ref="transactionManager" />
	</bean>
	<bean id="inventoryUserPersistenceJdbc"
		class="com.ge.fpt.welcomepkg.persistence.InventoryUserPersistenceImpl"
		depends-on="fptOdsConfiguration">
		<property name="dataSource" ref="fptOdsDataSource" />
		<property name="txManager" ref="transactionManager" />
	</bean>
	<bean id="partPersistenceJdbc"
		class="com.ge.fpt.welcomepkg.persistence.PartLookupPersistanceImpl"
		depends-on="fptOdsConfiguration">
		<property name="dataSource" ref="fptOdsDataSource" />
		<property name="txManager" ref="transactionManager" />
	</bean>
	<bean id="upgradeInfoPersistenceJdbc"
		class="com.ge.fpt.welcomepkg.persistence.UpgradeInfoPersistenceImpl"
		depends-on="fptOdsConfiguration">
		<property name="dataSource" ref="fptOdsDataSource" />
		<property name="txManager" ref="transactionManager" />
	</bean>
	<bean id="angoleReportPersistenceJdbc"
		class="com.ge.fpt.welcomepkg.persistence.AngolaReportServicePersistenceImpl"
		depends-on="fptOdsConfiguration">
		<property name="dataSource" ref="fptOdsDataSource" />
		<property name="txManager" ref="transactionManager" />
	</bean>
	<bean id="installedBasePersistenceJdbc"
		class="com.ge.fpt.welcomepkg.persistence.InstalledBasePersistenceImpl"
		depends-on="fptOdsConfiguration">
		<property name="dataSource" ref="fptOdsDataSource" />
		<property name="txManager" ref="transactionManager" />
	</bean>
	<bean id="valveKeepDataPersistenceJdbc"
		class="com.ge.fpt.welcomepkg.persistence.ValveKeepSTGPersistanceImpl"
		depends-on="fptOdsConfiguration">
		<property name="dataSource" ref="fptOdsDataSource" />
		<property name="txManager" ref="transactionManager" />
	</bean>
	<bean id="serviceNowPersistenceJdbc"
		class="com.ge.fpt.welcomepkg.persistence.ServiceNowPersistenceImpl"
		depends-on="fptOdsConfiguration">
		<property name="dataSource" ref="fptOdsDataSource" />
		<property name="txManager" ref="transactionManager" />
	</bean>		
	<bean id="rCManagementPersistenceJdbc"
		class="com.ge.fpt.welcomepkg.persistence.RCManagementPersistenceImpl"
		depends-on="fptOdsConfiguration">
		<property name="dataSource" ref="fptOdsDataSource" />
		<property name="txManager" ref="transactionManager" />
	</bean>
	<bean id="documentPersistenceJdbc"
		class="com.ge.fpt.welcomepkg.persistence.DocumentPersistenceImpl"
		depends-on="fptOdsConfiguration">
		<property name="dataSource" ref="fptOdsDataSource" />
		<property name="txManager" ref="transactionManager" />
	</bean>
	<bean id="PlantDataMasterPersistenceJdbc"
		class="com.ge.fpt.welcomepkg.persistence.PlantDataMasterPersistenceImpl"
		depends-on="fptOdsConfiguration">
		<property name="dataSource" ref="fptOdsDataSource" />
		<property name="txManager" ref="transactionManager" />
	</bean>
	<bean id="CustomermgmtMasterPersistenceJdbc"
		class="com.ge.fpt.welcomepkg.persistence.CustomermgmtMasterPersistenceImpl"
		depends-on="fptOdsConfiguration">
		<property name="dataSource" ref="fptOdsDataSource" />
		<property name="txManager" ref="transactionManager" />
	</bean>
	<bean id="customerLinkMasterPersistenceJdbc"
		class="com.ge.fpt.welcomepkg.persistence.CustomerLinkMasterPersistenceImpl"
		depends-on="fptOdsConfiguration">
		<property name="dataSource" ref="fptOdsDataSource" />
		<property name="txManager" ref="transactionManager" />
	</bean>
	<bean id="CardDataPersistenceJdbc"
		class="com.ge.fpt.welcomepkg.persistence.CardDataPersistenceImpl"
		depends-on="fptOdsConfiguration">
		<property name="dataSource" ref="fptOdsDataSource" />
		<property name="txManager" ref="transactionManager" />
	</bean>

</beans>

 