<?xml version="1.0" encoding="UTF-8"?>
<beans xmlns="http://www.springframework.org/schema/beans"
	xmlns:xsi="http://www.w3.org/2001/XMLSchema-instance" xmlns:context="http://www.springframework.org/schema/context"
	xmlns:tx="http://www.springframework.org/schema/tx" xmlns:osgi="http://www.springframework.org/schema/osgi"
	xsi:schemaLocation="
        http://www.springframework.org/schema/beans http://www.springframework.org/schema/beans/spring-beans.xsd
        http://www.springframework.org/schema/context http://www.springframework.org/schema/context/spring-context-3.0.xsd
        http://www.springframework.org/schema/osgi http://www.springframework.org/schema/osgi/spring-osgi.xsd
        http://www.springframework.org/schema/tx http://www.springframework.org/schema/tx/spring-tx-3.0.xsd
    ">
	
	<bean id="welcomePkgServiceJdbc" class="com.ge.fpt.welcomepkg.impl.WelcomePkgServiceImpl"
		depends-on="vkStgConfiguration">
		<property name="valveKeepDataPersistence" ref="valveKeepDataPersistenceJdbc" />
	</bean>

	<!-- exposing the service implementation as a OSGI service to the container -->
	<!-- so application can use the context to lookup the service in the service 
		registry -->
	<osgi:service id="osgiWelcomePkgServiceJdbc" ref="welcomePkgServiceJdbc"
		interface="com.ge.fpt.welcomepkg.api.IWelcomePkgService" />

	<!-- load the ServiceRegistration class to register service as RESTFul service 
		to container -->
	<bean id="registerWebService"
		class="com.ge.fpt.welcomepkg.impl.WebServiceRegistration"
		init-method="registerWebServices" depends-on="vkStgConfiguration">
		<property name="serviceManagerService" ref="serviceManagerService" />
		<property name="welcomePkgService" ref="welcomePkgServiceJdbc" />
	</bean>

</beans>
 