<?xml version="1.0" encoding="UTF-8"?>
<beans xmlns="http://www.springframework.org/schema/beans"
	xmlns:xsi="http://www.w3.org/2001/XMLSchema-instance" xmlns:context="http://www.springframework.org/schema/context"
	xmlns:tx="http://www.springframework.org/schema/tx" xmlns:osgi="http://www.springframework.org/schema/osgi"
	xsi:schemaLocation="
        http://www.springframework.org/schema/beans http://www.springframework.org/schema/beans/spring-beans.xsd
        http://www.springframework.org/schema/context http://www.springframework.org/schema/context/spring-context-3.0.xsd
        http://www.springframework.org/schema/osgi http://www.springframework.org/schema/osgi/spring-osgi.xsd
        http://www.springframework.org/schema/tx http://www.springframework.org/schema/tx/spring-tx-3.0.xsd
    ">
	
	<osgi:reference id="serviceManagerService" interface="com.ge.dsp.core.spi.IServiceManagerService" />

	<osgi:reference id="dspLogger"
		interface="com.ge.dsp.dsi.logging.ILoggerService" filter="(loggerServiceType=dsp.dsi.logger.default)" />

	<osgi:reference id="dsp.configurationServiceFactory"
		interface="com.ge.dsp.dsi.config.IConfigurationServiceFactory" />

	<bean id="logger" class="com.ge.fpt.welcomepkg.impl.WelcomePackageLoggerFactory"
		init-method="init">
		<property name="loggerService" ref="dspLogger" />
		<property name="applicationId" value="FPTWelcomePackageServiceJdbc" />
		<property name="rootCategory" value="com.ge.fpt.welcomepkg" />
		<property name="logLevel" value="INFO" />
		<property name="appenderFilename" value="FPTWelcomePackageServiceJdbc.log" />
		<property name="appenderFilePattern" value="%d [%t] %-5p %c - %m%n" />
	</bean>

	<!-- load the VKSTGConfiguration class -->
	<bean id="vkStgConfiguration" class="com.ge.fpt.welcomepkg.impl.VKSTGConfiguration"
		init-method="afterPropertiesSet" depends-on="logger">
		<property name="configurationServiceFactory" ref="dsp.configurationServiceFactory" />
	</bean>

	<bean id="vkStgDataSource"
		class="com.ge.fpt.welcomepkg.persistence.VKSTGDataSource"
		init-method="init" destroy-method="close" depends-on="vkStgConfiguration">
		<property name="configuration" ref="vkStgConfiguration" />
	</bean>	
	
	<bean id="transactionManager" class="org.springframework.jdbc.datasource.DataSourceTransactionManager">
		<property name="dataSource" ref="vkStgDataSource"/>
	</bean>

	<context:annotation-config />
	<tx:annotation-driven transaction-manager="transactionManager" />

</beans>