<?xml version="1.0" encoding="UTF-8" standalone="no"?>
<!-- Generated Mar 22, 2019 5:18:54 PM by Hibernate Tools 5.0.6.Final --><!DOCTYPE hibernate-mapping PUBLIC "-//Hibernate/Hibernate Mapping DTD 3.0//EN" "http://www.hibernate.org/dtd/hibernate-mapping-3.0.dtd">
<hibernate-mapping auto-import="true" default-access="property" default-cascade="none" default-lazy="true">
    <class catalog="quartz_db" dynamic-insert="false" dynamic-update="false" mutable="true" name="com.ashish.quartz.enitiy.ScheduleJobType" optimistic-lock="version" polymorphism="implicit" select-before-update="false" table="schedule_job_type">
        <id name="jobTypeId" type="java.lang.Integer">
            <column name="job_type_id"/>
            <generator class="identity"/>
        </id>
        <property generated="never" lazy="false" name="jobTypeCode" optimistic-lock="true" type="string" unique="false">
            <column length="64" name="job_type_code" not-null="true" unique="true"/>
        </property>
        <property generated="never" lazy="false" name="jobTypeDesc" optimistic-lock="true" type="string" unique="false">
            <column length="64" name="job_type_desc" not-null="true"/>
        </property>
        <property generated="never" lazy="false" name="createdBy" optimistic-lock="true" type="int" unique="false">
            <column name="created_by" not-null="true"/>
        </property>
        <property generated="never" lazy="false" name="createdDate" optimistic-lock="true" type="timestamp" unique="false">
            <column length="19" name="created_date" not-null="true"/>
        </property>
        <property generated="never" lazy="false" name="modifiedBy" optimistic-lock="true" type="java.lang.Integer" unique="false">
            <column name="modified_by"/>
        </property>
        <property generated="never" lazy="false" name="modifiedDate" optimistic-lock="true" type="timestamp" unique="false">
            <column length="19" name="modified_date"/>
        </property>
        <set embed-xml="true" fetch="select" inverse="true" lazy="true" mutable="true" name="scheduleJobGroups" optimistic-lock="true" sort="unsorted" table="schedule_job_group">
            <key on-delete="noaction">
                <column name="job_type_id"/>
            </key>
            <one-to-many class="com.ashish.quartz.enitiy.ScheduleJobGroup" embed-xml="true" not-found="exception"/>
        </set>
    </class>
</hibernate-mapping>
