<?xml version="1.0" encoding="UTF-8" standalone="no"?>
<!-- Generated Mar 22, 2019 5:18:54 PM by Hibernate Tools 5.0.6.Final --><!DOCTYPE hibernate-mapping PUBLIC "-//Hibernate/Hibernate Mapping DTD 3.0//EN" "http://www.hibernate.org/dtd/hibernate-mapping-3.0.dtd">
<hibernate-mapping auto-import="true" default-access="property" default-cascade="none" default-lazy="true">
    <class catalog="quartz_db" dynamic-insert="false" dynamic-update="false" mutable="true" name="com.ashish.quartz.enitiy.ScheduleJobGroup" optimistic-lock="version" polymorphism="implicit" select-before-update="false" table="schedule_job_group">
        <id name="groupId" type="java.lang.Integer">
            <column name="group_id"/>
            <generator class="identity"/>
        </id>
        <many-to-one class="com.ashish.quartz.enitiy.ScheduleJobType" embed-xml="true" fetch="select" insert="true" name="scheduleJobType" not-found="exception" optimistic-lock="true" unique="false" update="true">
            <column name="job_type_id"/>
        </many-to-one>
        <property generated="never" lazy="false" name="groupCode" optimistic-lock="true" type="string" unique="false">
            <column length="64" name="group_code" not-null="true" unique="true"/>
        </property>
        <property generated="never" lazy="false" name="groupDesc" optimistic-lock="true" type="string" unique="false">
            <column length="64" name="group_desc" not-null="true"/>
        </property>
        <property generated="never" lazy="false" name="status" optimistic-lock="true" type="java.lang.Short" unique="false">
            <column name="status"/>
        </property>
        <property generated="never" lazy="false" name="isGroupJob" optimistic-lock="true" type="short" unique="false">
            <column name="is_group_job" not-null="true"/>
        </property>
        <property generated="never" lazy="false" name="userSchedulable" optimistic-lock="true" type="short" unique="false">
            <column name="user_schedulable" not-null="true"/>
        </property>
        <property generated="never" lazy="false" name="createdBy" optimistic-lock="true" type="int" unique="false">
            <column name="created_by" not-null="true"/>
        </property>
        <property generated="never" lazy="false" name="createdDate" optimistic-lock="true" type="timestamp" unique="false">
            <column length="19" name="created_date" not-null="true"/>
        </property>
        <property generated="never" lazy="false" name="modifiedBy" optimistic-lock="true" type="java.lang.Integer" unique="false">
            <column name="modified_by"/>
        </property>
        <property generated="never" lazy="false" name="modifiedDate" optimistic-lock="true" type="timestamp" unique="false">
            <column length="19" name="modified_date"/>
        </property>
        <set embed-xml="true" fetch="select" inverse="true" lazy="true" mutable="true" name="scheduleJobGroupMappings" optimistic-lock="true" sort="unsorted" table="schedule_job_group_mapping">
            <key on-delete="noaction">
                <column name="group_id"/>
            </key>
            <one-to-many class="com.ashish.quartz.enitiy.ScheduleJobGroupMapping" embed-xml="true" not-found="exception"/>
        </set>
    </class>
</hibernate-mapping>
