<?xml version="1.0" encoding="UTF-8" standalone="no"?>
<!-- Generated Mar 22, 2019 5:18:54 PM by Hibernate Tools 5.0.6.Final --><!DOCTYPE hibernate-mapping PUBLIC "-//Hibernate/Hibernate Mapping DTD 3.0//EN" "http://www.hibernate.org/dtd/hibernate-mapping-3.0.dtd">
<hibernate-mapping auto-import="true" default-access="property" default-cascade="none" default-lazy="true">
    <class catalog="quartz_db" dynamic-insert="false" dynamic-update="false" mutable="true" name="com.ashish.quartz.enitiy.ScheduleGroupInstanceDetail" optimistic-lock="version" polymorphism="implicit" select-before-update="false" table="schedule_group_instance_detail">
        <id name="instanceId" type="java.lang.Integer">
            <column name="instance_id"/>
            <generator class="identity"/>
        </id>
        <many-to-one class="com.ashish.quartz.enitiy.ScheduleJob" embed-xml="true" fetch="select" insert="true" name="scheduleJob" not-found="exception" optimistic-lock="true" unique="false" update="true">
            <column name="job_id"/>
        </many-to-one>
        <property generated="never" lazy="false" name="instanceName" optimistic-lock="true" type="string" unique="false">
            <column length="128" name="instance_name" not-null="true" unique="true"/>
        </property>
        <property generated="never" lazy="false" name="status" optimistic-lock="true" type="java.lang.Short" unique="false">
            <column name="status"/>
        </property>
        <property generated="never" lazy="false" name="recurrenceType" optimistic-lock="true" type="string" unique="false">
            <column length="1" name="recurrence_type"/>
        </property>
        <property generated="never" lazy="false" name="timeZoneId" optimistic-lock="true" type="string" unique="false">
            <column length="64" name="time_zone_id"/>
        </property>
        <property generated="never" lazy="false" name="startTime" optimistic-lock="true" type="timestamp" unique="false">
            <column length="19" name="start_time" not-null="true"/>
        </property>
        <property generated="never" lazy="false" name="endTime" optimistic-lock="true" type="timestamp" unique="false">
            <column length="19" name="end_time"/>
        </property>
        <property generated="never" lazy="false" name="startDate" optimistic-lock="true" type="date" unique="false">
            <column length="10" name="start_date" not-null="true"/>
        </property>
        <property generated="never" lazy="false" name="endDate" optimistic-lock="true" type="date" unique="false">
            <column length="10" name="end_date"/>
        </property>
        <property generated="never" lazy="false" name="previousFireDatetime" optimistic-lock="true" type="timestamp" unique="false">
            <column length="19" name="previous_fire_datetime"/>
        </property>
        <property generated="never" lazy="false" name="nextFireDatetime" optimistic-lock="true" type="timestamp" unique="false">
            <column length="19" name="next_fire_datetime"/>
        </property>
        <property generated="never" lazy="false" name="frequency" optimistic-lock="true" type="java.lang.Short" unique="false">
            <column name="frequency"/>
        </property>
        <property generated="never" lazy="false" name="recurrenceInterval" optimistic-lock="true" type="java.lang.Integer" unique="false">
            <column name="recurrence_interval"/>
        </property>
        <property generated="never" lazy="false" name="repeatCount" optimistic-lock="true" type="java.lang.Short" unique="false">
            <column name="repeat_count"/>
        </property>
        <property generated="never" lazy="false" name="weekDays" optimistic-lock="true" type="java.lang.Short" unique="false">
            <column name="week_days"/>
        </property>
        <property generated="never" lazy="false" name="months" optimistic-lock="true" type="java.lang.Short" unique="false">
            <column name="months"/>
        </property>
        <property generated="never" lazy="false" name="monthDays" optimistic-lock="true" type="java.lang.Long" unique="false">
            <column name="month_days"/>
        </property>
        <property generated="never" lazy="false" name="createdBy" optimistic-lock="true" type="int" unique="false">
            <column name="created_by" not-null="true"/>
        </property>
        <property generated="never" lazy="false" name="createdDate" optimistic-lock="true" type="timestamp" unique="false">
            <column length="19" name="created_date" not-null="true"/>
        </property>
        <property generated="never" lazy="false" name="modifiedBy" optimistic-lock="true" type="java.lang.Integer" unique="false">
            <column name="modified_by"/>
        </property>
        <property generated="never" lazy="false" name="modifiedDate" optimistic-lock="true" type="timestamp" unique="false">
            <column length="19" name="modified_date"/>
        </property>
        <set embed-xml="true" fetch="select" inverse="true" lazy="true" mutable="true" name="scheduleJobTriggers" optimistic-lock="true" sort="unsorted" table="schedule_job_trigger">
            <key on-delete="noaction">
                <column name="instance_id"/>
            </key>
            <one-to-many class="com.ashish.quartz.enitiy.ScheduleJobTrigger" embed-xml="true" not-found="exception"/>
        </set>
    </class>
</hibernate-mapping>
