<?xml version="1.0" encoding="UTF-8" standalone="no"?>
<!-- Generated Mar 22, 2019 5:18:54 PM by Hibernate Tools 5.0.6.Final --><!DOCTYPE hibernate-mapping PUBLIC "-//Hibernate/Hibernate Mapping DTD 3.0//EN" "http://www.hibernate.org/dtd/hibernate-mapping-3.0.dtd">
<hibernate-mapping auto-import="true" default-access="property" default-cascade="none" default-lazy="true">
    <class catalog="quartz_db" dynamic-insert="false" dynamic-update="false" mutable="true" name="com.ashish.quartz.enitiy.ScheduleJobTrigger" optimistic-lock="version" polymorphism="implicit" select-before-update="false" table="schedule_job_trigger">
        <id name="triggerId" type="java.lang.Long">
            <column name="trigger_id"/>
            <generator class="identity"/>
        </id>
        <many-to-one class="com.ashish.quartz.enitiy.ScheduleGroupInstanceDetail" embed-xml="true" fetch="select" insert="true" name="scheduleGroupInstanceDetail" not-found="exception" optimistic-lock="true" unique="false" update="true">
            <column name="instance_id"/>
        </many-to-one>
        <many-to-one class="com.ashish.quartz.enitiy.ScheduleJob" embed-xml="true" fetch="select" insert="true" name="scheduleJob" not-found="exception" optimistic-lock="true" unique="false" update="true">
            <column name="job_id"/>
        </many-to-one>
        <property generated="never" lazy="false" name="triggerFireDatetime" optimistic-lock="true" type="timestamp" unique="false">
            <column length="19" name="trigger_fire_datetime" not-null="true"/>
        </property>
        <property generated="never" lazy="false" name="startFireDatetime" optimistic-lock="true" type="timestamp" unique="false">
            <column length="19" name="start_fire_datetime"/>
        </property>
        <property generated="never" lazy="false" name="endFireDatetime" optimistic-lock="true" type="timestamp" unique="false">
            <column length="19" name="end_fire_datetime"/>
        </property>
        <property generated="never" lazy="false" name="runDuration" optimistic-lock="true" type="java.lang.Integer" unique="false">
            <column name="run_duration"/>
        </property>
        <property generated="never" lazy="false" name="status" optimistic-lock="true" type="java.lang.Short" unique="false">
            <column name="status"/>
        </property>
        <property generated="never" lazy="false" name="currentTriggerCount" optimistic-lock="true" type="java.lang.Integer" unique="false">
            <column name="current_trigger_count"/>
        </property>
        <property generated="never" lazy="false" name="createdBy" optimistic-lock="true" type="int" unique="false">
            <column name="created_by" not-null="true"/>
        </property>
        <property generated="never" lazy="false" name="createdDate" optimistic-lock="true" type="timestamp" unique="false">
            <column length="19" name="created_date" not-null="true"/>
        </property>
        <property generated="never" lazy="false" name="modifiedBy" optimistic-lock="true" type="java.lang.Integer" unique="false">
            <column name="modified_by"/>
        </property>
        <property generated="never" lazy="false" name="modifiedDate" optimistic-lock="true" type="timestamp" unique="false">
            <column length="19" name="modified_date"/>
        </property>
    </class>
</hibernate-mapping>
